id;login;password;first_name;last_name;email;location;activated;authorities
1;HTTP Branding Avon;e-commerce magneticXXXXXXXXXXXXXXXXXXXXXXXXXXXXXXXXXXXXXXXXX;Dusty;Osinski;Cecilia73@hotmail.com;auxiliary Car invoice;false;Illinois hack
2;redefine Ngultrum THX;Division magenta HandmadeXXXXXXXXXXXXXXXXXXXXXXXXXXXXXXXXXXX;Bettye;Grant;Maye.OConnell61@gmail.com;overriding;true;Utah Versatile leverage
3;Mews;payment Markets leading-edgeXXXXXXXXXXXXXXXXXXXXXXXXXXXXXXXX;Marielle;Barton;Millie_Mitchell25@hotmail.com;Consultant deposit Future;false;Idaho quantify technologies
4;time-frame;JerseyXXXXXXXXXXXXXXXXXXXXXXXXXXXXXXXXXXXXXXXXXXXXXXXXXXXXXX;Elaina;Schaefer;Marietta_Erdman69@gmail.com;virtual panel monitor;false;value-added
5;e-business;digital BerkshireXXXXXXXXXXXXXXXXXXXXXXXXXXXXXXXXXXXXXXXXXXX;Jonas;Labadie;Berta_Fisher@yahoo.com;Cambridgeshire indexing enable;false;Loan Gloves website
6;violet empower Credit;architecturesXXXXXXXXXXXXXXXXXXXXXXXXXXXXXXXXXXXXXXXXXXXXXXX;Coleman;Boyer;Juwan70@yahoo.com;sensor Tuna Maryland;false;definition
7;Frozen grow;UniversalXXXXXXXXXXXXXXXXXXXXXXXXXXXXXXXXXXXXXXXXXXXXXXXXXXX;Dell;Wilderman;Tyler_Grady@hotmail.com;Human application programming;false;Realigned
8;bypassing Intelligent solid;grey wireless SomoniXXXXXXXXXXXXXXXXXXXXXXXXXXXXXXXXXXXXXXXX;Reginald;Wehner;Constance_Bergnaum@hotmail.com;Gorgeous model;true;synthesize navigating haptic
9;withdrawal Metal parsing;DesignerXXXXXXXXXXXXXXXXXXXXXXXXXXXXXXXXXXXXXXXXXXXXXXXXXXXX;Ima;Steuber;Catherine.Kulas26@gmail.com;KidsX;false;Table Fish
10;Riyal compressing;hackXXXXXXXXXXXXXXXXXXXXXXXXXXXXXXXXXXXXXXXXXXXXXXXXXXXXXXXX;Merlin;Schaden;Zakary_Heidenreich@yahoo.com;compressing Leu Chair;false;Practical sensor Function-based
